,DAX,DAX_Company_Beta
0,ALV,0.36238099651425204
1,DTE,-0.19016239594587486
2,MRK,0.17859066085058362
3,SAP,0.36867639674906194
